Position,Organization Name,Type,Contact,Membership
1,3D Printed Prosthetics Club,Student Organization,,Lifetime membership
2,Adam Smith Society,Graduate Student Organization - Cox School of Business,Contact: Email group officers,(12 Months)
3,Advertising Club,Student Organization,,Lifetime membership
4,African Student Association,Student Organization,"Contact: Aguer Atem, Suvwe Kokoricha",Lifetime membership
5,Aggie Mustang Law Society,Graduate Student Organization - Dedman School of Law,Contact: Shelby Lepley,Lifetime membership
6,Air & Space Law Society,Graduate Student Organization - Dedman School of Law,Contact: Ali Vannett,Lifetime membership
7,Alliance of Graduate International Lyle Engineers,Student Organization,,Lifetime membership
8,Alpha Chi Omega,Student Organization,,Lifetime membership
9,Alpha Epsilon Delta/Pre-Health Professions Society,Student Organization,"Contact: Apurva Veeraswamy, Bianca Batista, Email group officers",Lifetime membership
10,Alpha Epsilon Pi,Student Organization,,Lifetime membership
11,"Alpha Kappa Alpha Sorority, Inc.",Student Organization,,Lifetime membership
12,Alpha Kappa Psi,Student Organization,,Lifetime membership
13,"Alpha Phi Alpha Fraternity, Inc.",Student Organization,,Lifetime membership
14,Alpha Phi Omega,Student Organization,"Contact: Katie Barlow, Julia Cunningham",Lifetime membership
15,Alternative Breaks,Student Organization,,Lifetime membership
16,Altshuler Learning Enhancement Center,Department,,Lifetime membership
17,American Constitution Society,Graduate Student Organization - Dedman School of Law,Contact: Madeline Boche,Lifetime membership
18,American Society of Civil Engineers,Student Organization,Contact: Alex Hutton,Lifetime membership
19,Anthropology Club of Southern Methodist University,Student Organization,,Lifetime membership
20,Antioch College Ministry,Student Organization,,Lifetime membership
21,Applied Physiology Club,"Student Organization - Professional, Dedman College of Humanities and Sciences",,Lifetime membership
22,Arab Culture Club,Student Organization,"Contact: Laila Abdelghany, Veronica Seeling",Lifetime membership
23,Armstrong Commons,Residence Life,,Lifetime membership
24,Artificial Intelligence Club at SMU,Student Organization,Contact: Gabriel Mongaras,Lifetime membership
25,Ascend Pan Asian Leaders (Ascend),Student Organization,,Lifetime membership
26,Asian Council,Student Organization,,Lifetime membership
27,South Asian Student Association,Student Organization,"Contact: Ashish Doma, Email group officers",Lifetime membership
28,Asian Pacific American Law Student Association,Graduate Student Organization - Dedman School of Law,Contact: Miriam Wang,Lifetime membership
29,ASL Club,Student Organization,"Contact: Zelda Shirk, Email group officers",Lifetime membership
30,Association for Public Interest Law,Graduate Student Organization - Dedman School of Law,Contact: Laura Burstein,Lifetime membership
31,Association of Asian and Pacific American Scholars & Allies,Department,,Lifetime membership
32,Association of Black Students,Student Organization,Contact: Damondre Lynn,Lifetime membership
33,Association of International Petroleum Negotiators,Graduate Student Organization - Dedman School of Law,Contact: Kasey Ellrich,Lifetime membership
34,Association of Iranian Students,Student Organization - Affinity/Identity,Contact: Bahar Salehi,Lifetime membership
35,Association of Law and Politics,Graduate Student Organization - Dedman School of Law,,Lifetime membership
36,Athletes in Action,Student Organization - Religious Life Organization,,Lifetime membership
37,Athletes United,Student Organization - Religious Life Organization,Contact: Email group officers,Lifetime membership
38,Badminton Not Bad,Student Organization,,Lifetime membership
39,BARBRI Bar Review,Graduate Student Organization - Dedman School of Law,,Lifetime membership
40,Bass Fishing Club,Student Organization,,Lifetime membership
41,Baylor Law Student Association,Graduate Student Organization - Dedman School of Law,,Lifetime membership
42,BBA Finance Club,Student Organization,Contact: Email group officers,Lifetime membership
43,Believers Loveworld Greater Love,Student Organization - Religious Life Organization,,Lifetime membership
44,Best Buddies,Student Organization,Contact: Lauren Lazar,Lifetime membership
45,Beta Theta Pi,Student Organization,,Lifetime membership
46,Beta Upsilon Chi,Student Organization,,Lifetime membership
47,Biomedical Engineering Society,Student Organization,Contact: Jessica Flusche,Lifetime membership
48,Black Faculty and Staff Association,Department,,Lifetime membership
49,Black Graduate Student Association,Student Organization,,(12 Months)
50,Black Law Students Association,Graduate Student Organization - Dedman School of Law,Contact: Email group officers,Lifetime membership
51,Black Men Emerging,Student Organization,,Lifetime membership
52,Black Seminarians Association,Graduate Student Organization - Perkins School of Theology,,Lifetime membership
53,Black Student- Athlete Committee,Student Organization,,Lifetime membership
54,Black Unity Forum,Department - Affinity/Identity,,Lifetime membership
55,Board of Advocates,Graduate Student Organization - Dedman School of Law,Contact: Caitlin Schneider,Lifetime membership
56,Board Together,Student Organization,"Contact: Montana Braden, Email group officers","(1 Year)

Membership will end on 31 May"
57,Boaz Commons,Residence Life,Contact: Lauren Eisenschenk,Lifetime membership
58,Boulevard Car Club,Student Organization,,Lifetime membership
59,Brazilian & Portuguese Speakers Association,Student Organization,,Lifetime membership
60,Bridwell Library,Department,,Lifetime membership
61,Brierley Institute for Customer Engagement,Department,,Lifetime membership
62,Business in Healthcare Club,Student Organization,,Lifetime membership
63,Business Leadership Center,Department,,Lifetime membership
64,Business Library,Department - Cox School of Business,"Contact: Heather Bell, Tracey Rinehart, Melissa Johnson, Justin Harrison",Lifetime membership
65,Caruth Institute for Engineering Education,Department,,Lifetime membership
66,Case Consulting Club,Student Organization,,Lifetime membership
67,Catholic Campus Ministry at SMU,Student Organization - Religious Life Organization,"Contact: Wade Bass, Mary Catherine McDermott",Lifetime membership
68,Check Yourself,Student Organization,,Lifetime membership
69,Chemistry Graduate Council,"Department - Academic, Dedman College of Humanities and Sciences",,Lifetime membership
70,Chi Omega,Student Organization,,Lifetime membership
71,Chinese Language Club,Student Organization,,Lifetime membership
72,Chinese Student Association,Student Organization,Contact: Andy Su,Lifetime membership
73,Chinese Student Union,Student Organization,,Lifetime membership
74,Christian Legal Society,Graduate Student Organization - Dedman School of Law,,Lifetime membership
75,Christian Students,Student Organization,,Lifetime membership
76,Circle K International.,Student Organization,"Contact: Savannah Hunsucker, Vivian Thai",Lifetime membership
77,Club Baseball,Student Organization,,Lifetime membership
78,Club Rugby,Student Organization,,Lifetime membership
79,Club Spikeball,Student Organization,Contact: James Gullett,Lifetime membership
80,Club Sports Media and Marketing,Student Organization,"Contact: Isabella Wells, Email group officers",Lifetime membership
81,Club Tennis,Student Organization,,Lifetime membership
82,Cockrell-McIntosh Commons,Residence Life,,Lifetime membership
83,Collegiate Dream Team,Student Organization,Contact: Charlotte Reardon,Lifetime membership
84,Computer Science Club,Student Organization,"Contact: Maggie Asare, Email group officers",Lifetime membership
85,Computer Science Department,Department - Lyle School of Engineering,,Lifetime membership
86,Consult Your Community,Student Organization,Contact: Sakshi Hinduja,Lifetime membership
87,Consulting & Corporate Strategy Club,Graduate Student Organization - Cox School of Business,"Contact: Melissa Cunningham, Email group officers",(12 Months)
88,Corporate Counsel Externship Program,Graduate Student Organization - Dedman School of Law,,Lifetime membership
89,Corporate Law Association,Graduate Student Organization - Dedman School of Law,"Contact: Catherine Huckabay, Madeline Cartwright",Lifetime membership
90,Counseling Services,Department,Contact: Email group officers,Lifetime membership
91,Counselors for Social Justice,Graduate Student Organization - Simmons School of Education and Human Development,,Lifetime membership
92,Cox Business Aviation Club,Graduate Student Organization - Cox School of Business,Contact: Connor Melvin,(12 Months)
93,Cox Career Management Center,Department - Cox School of Business,Contact: Cheryl Posner,Lifetime membership
94,Cox Christian Fellowship,Graduate Student Organization - Cox School of Business,,(12 Months)
95,Cox Executive Education,Department - Cox School of Business,,Lifetime membership
96,Cox Full-Time MBA,Department - Cox School of Business,,Lifetime membership
97,Cox Golf Club,Graduate Student Organization - Cox School of Business,,"(1 Year)

Membership will end on 31 May"
98,Cox Graduate Admissions - MS Programs,Department - Cox School of Business,,Lifetime membership
99,Cox Graduate Energy Club,Graduate Student Organization - Cox School of Business,,(12 Months)
100,Cox Graduate Entrepreneurship Club,Graduate Student Organization - Cox School of Business,Contact: Email group officers,$50 (12 Months)
101,Cox Graduate Finance Association,Graduate Student Organization - Cox School of Business,,(12 Months)
102,Cox Graduate Marketing Club,Graduate Student Organization - Cox School of Business,"Contact: Jackson Farley, Email group officers","(1 Year)

Membership will end on 31 May"
103,Cox Graduate Programs,Department - Cox School of Business,,Lifetime membership
104,Cox Graduate Real Estate Club,Student Organization,,"(1 Year)

Membership will end on 31 May"
105,Cox Graduate Student Services,Department,,Lifetime membership
106,Cox Graduate Women in Business,Graduate Student Organization - Cox School of Business,Contact: Email group officers,(12 Months)
107,Cox Human Resources Club,Graduate Student Organization - Cox School of Business,,Lifetime membership
108,Cox MBA Ambassadors,Department,,Lifetime membership
109,Cox MSA Student Leadership Group,Graduate Student Organization - Cox School of Business,,Lifetime membership
110,Cox MSBA Student Leadership Group (SLG),Graduate Student Organization - Cox School of Business,,Lifetime membership
111,Cox MSF Student Leadership Group,Graduate Student Organization - Cox School of Business,,Lifetime membership
112,Cox MSM Student Leadership Group (SLG),Graduate Student Organization - Cox School of Business,,Lifetime membership
113,Crafts Club,Student Organization,"Contact: Anika Saiprabhu, Victoria Valdez",Lifetime membership
114,Criminal Law Society,Graduate Student Organization - Dedman School of Law,,Lifetime membership
115,CRU,Student Organization - Religious Life Organization,,Lifetime membership
116,Crum Commons,Residence Life,,Lifetime membership
117,Curt Herridge Test,Department,,Lifetime membership
118,Cyber Security,Student Organization,Contact: Oliver Zhu,Lifetime membership
119,Dallas Association of Young Lawyers,Graduate Student Organization - Dedman School of Law,,Lifetime membership
120,Dance Marathon,"Student Organization - Social, Service",Contact: Nick Ludwig,Lifetime membership
121,Deacons at Perkins,Department - Perkins School of Theology,,"(1 Year)

Membership will end on 31 May"
122,Dean of Students,Department,,Lifetime membership
123,Deason Criminal Justice Reform Center,Department,,Lifetime membership
124,Deason Criminal Justice Reform Center,Department - Dedman School of Law,Contact: Email group officers,Lifetime membership
125,Deason Innovation Gym,Department,Contact: Jt Ringer,Lifetime membership
126,Debate,Student Organization,"Contact: Benjamin Voth, Hailey Hazen",Lifetime membership
127,Dedman College,Department,,Lifetime membership
128,Dedman College Interdisciplinary Institute,Department,,Lifetime membership
129,Dedman Graduate Student Assembly,Graduate Student Organization - Dedman College of Humanities and Sciences,,Lifetime membership
130,Dedman Law Office of Diversity & Inclusion,Graduate Student Organization - Dedman School of Law,,Lifetime membership
131,Dedman Law Office of Student Affairs,Graduate Student Organization - Dedman School of Law,,Lifetime membership
132,Dedman Law Robert B. Rowling Center for Business Law & Leadership,Graduate Student Organization - Dedman School of Law,,Lifetime membership
133,"Dedman Law Tsai Center for Law, Science and Innovation",Graduate Student Organization - Dedman School of Law,Contact: Natalie Greco,Lifetime membership
134,Dedman School of Law,Department,Contact: Stephen Yeager,Lifetime membership
135,Delta Delta Delta,Student Organization,Contact: Kate Marquardt,Lifetime membership
136,Delta Gamma,Student Organization,,Lifetime membership
137,Delta Sigma Phi,Student Organization - Interfraternity Council,,Lifetime membership
138,Delta Sigma Pi,Student Organization,,Lifetime membership
139,"Delta Sigma Theta Sorority, Inc.",Student Organization,,Lifetime membership
140,Department of Counseling,Department - Simmons School of Education and Human Development,Contact: Brandy Schumann,Lifetime membership
141,Department of Student Development,Department,,Lifetime membership
142,Department of Teaching and Learning,Department - Simmons School of Education and Human Development,,Lifetime membership
143,Departments and Programs,Department,,Lifetime membership
144,Development and External Affairs,Department,,Lifetime membership
145,Disability Connections and Empowerment,Student Organization,Contact: Arianna Gonzalez,Lifetime membership
146,Disability Law Association,Graduate Student Organization - Dedman School of Law,Contact: David Carl,Lifetime membership
147,Distributive Education Club of America,"Student Organization - Professional, Special Interest",,Lifetime membership
148,Division of Student Affairs,Department,"Contact: Dawn Norris, Email group officers",Lifetime membership
149,Dr. Bob Smith Health Center,Department,Contact: Email group officers,Lifetime membership
150,Earth First,Student Organization,"Contact: Arlo Kadane, Email group officers",Lifetime membership
151,East Asian Student Association,Student Organization,Contact: Michelle Ma,Lifetime membership
152,Embrey Human Rights Program,Department,,Lifetime membership
153,Energy Law Association,Graduate Student Organization - Dedman School of Law,,Lifetime membership
154,"Energy, Environment & Natural Resources Law Society",Graduate Student Organization - Special Interest,,Lifetime membership
155,Engage Dallas,"Department - Special Interest, Programming, Service",,Lifetime membership
156,Engaged Learning Student Board,Student Organization,,Lifetime membership
157,Engineers Without Borders,Student Organization,Contact: Caroline Corbin,Lifetime membership
158,Entrepreneurship Club,Student Organization,"Contact: Kevin Hildebrand, Email group officers","(4 Years)

Membership will end on 31 May 2027"
159,Environmental Law Society,Graduate Student Organization - Dedman School of Law,,Lifetime membership
160,EPIC Movement,Student Organization,"Contact: Ellie Hood, Faith Fang",Lifetime membership
161,Episcopal Campus Ministry,Student Organization - Religious Life Organization,,Lifetime membership
162,Esports Club,Student Organization,Contact: Email group officers,Lifetime membership
163,Executive MBA,Department,,Lifetime membership
164,Exercise is Medicine - On Campus,Department,,Lifetime membership
165,Faculty and Staff Christian Fellowship,Department,,Lifetime membership
166,Family Law Association,Graduate Student Organization - Dedman School of Law,Contact: Tara Dezham,Lifetime membership
167,Federal Bar Association,Graduate Student Organization - Dedman School of Law,,Lifetime membership
168,Federalist Society,Graduate Student Organization - Dedman School of Law,"Contact: Jace Breedlove, Sydney Harper, Email group officers",Lifetime membership
169,Fellowship of Christian Athletes,Student Organization - Religious Life Organization,,Lifetime membership
170,Feminist Equality Movement,Student Organization,"Contact: Audrey Fox, Benjamin Jackson",Lifetime membership
171,Financial Literacy at SMU,Department,"Contact: Jennifer Gomez, Email group officers",Lifetime membership
172,First-Generation Association,Student Organization,,Lifetime membership
173,First-Generation Initiative,Department,,Lifetime membership
174,First-Generation Law Student Association,Graduate Student Organization - Dedman School of Law,,Lifetime membership
175,FOCUS,Student Organization - Religious Life Organization,Contact: Garrett Davis,Lifetime membership
176,Folsom Institute for Real Estate,Department,,Lifetime membership
177,French Club,Student Organization,Contact: Maria Murad,Lifetime membership
178,Fro.,Student Organization,Contact: Precious Nibigigwe,Lifetime membership
179,Full-Time MBA Student Advisory Board,Graduate Student Organization - Cox School of Business,,Lifetime membership
180,Game Development Club,Student Organization,,Lifetime membership
181,Gamma Phi Beta,Student Organization,,Lifetime membership
182,Geology Club,Student Organization,Contact: Travis Nolan,Lifetime membership
183,German Club,Student Organization,Contact: Rachel Mannon,Lifetime membership
184,Global Medical Brigades,Student Organization,,Lifetime membership
185,Golf Club,Student Organization,,Lifetime membership
186,Guildhall at SMU,Department,,Lifetime membership
187,Hart Center for Engineering Leadership,Department,,Lifetime membership
188,Health Law Association,Graduate Student Organization - Dedman School of Law,Contact: Brooke Sutter,Lifetime membership
189,Health Promotion Management Graduate Program,Department,,Lifetime membership
190,Hegi Family Career Development Center,Department,Contact: Email group officers,Lifetime membership
191,Helping Hearts,Student Organization,,Lifetime membership
192,Hillel at SMU,Student Organization,"Contact: Heidi Coretz, Nathan Pupko Ginsberg, Will Kavy",Lifetime membership
193,Hilltop Educators,"Student Organization - Academic, Service","Contact: Hailey Hazen, Mary Cabanas Cardenas",Lifetime membership
194,Hilltop Scholars Program,Department,,Lifetime membership
195,Hispanic Law Student Association,Graduate Student Organization - Dedman School of Law,Contact: Natalia Albores,Lifetime membership
196,Hispanic or Latino Association,Student Organization,Contact: Paulina Esparza,Lifetime membership
197,Historical Society,Student Organization,,Lifetime membership
198,Honor Council,Student Organization,,Lifetime membership
199,Horned Frog Legal Society,Graduate Student Organization - Dedman School of Law,,Lifetime membership
200,Housing Unification Board,Student Organization,"Contact: Elissa Moody, Email group officers",Lifetime membership
201,Human Rights Council,Student Organization,"Contact: Guadalupe Roman, Zahra Chowdhury",Lifetime membership
202,Hunt Institute for Engineering & Humanity,Department - Lyle School of Engineering,,Lifetime membership
203,Hunt Leadership Scholars Program,Department,,Lifetime membership
204,Ice Hockey Club,Student Organization,,Lifetime membership
205,If/When/How: Lawyering for Reproductive Justice,Graduate Student Organization - Dedman School of Law,Contact: Briana Torres,Lifetime membership
206,IfYoureReadingThis.org,Student Organization,Contact: Avery Zolfaghari,Lifetime membership
207,Immigration Law Student Association,Graduate Student Organization - Dedman School of Law,,Lifetime membership
208,INFORMS Student Chapter,Student Organization,,Lifetime membership
209,Intellectual Property Organization,Graduate Student Organization - Dedman School of Law,Contact: Jay Gersten,Lifetime membership
210,Interfraternity Council,Student Organization,,Lifetime membership
211,International Business Club,Graduate Student Organization - Cox School of Business,,(12 Months)
212,International Law Review Association,Graduate Student Organization - Dedman School of Law,,Lifetime membership
213,International Law Society,Graduate Student Organization - Dedman School of Law,Contact: Brandi Moses,"$20 (Annual Membership Dues)
Membership will end on 31 May"
214,International Student Fellowship,Student Organization,,Lifetime membership
215,International Student Scholar Services,Department,Contact: Email group officers,Lifetime membership
216,Intersessions,Department,,Lifetime membership
217,InterVarsity Christian Fellowship,Student Organization - Religious Life Organization,,Lifetime membership
218,Intramural Sports,Student Organization,,Lifetime membership
219,It's on Us,Student Organization,,Lifetime membership
220,Italian Club,Student Organization,,Lifetime membership
221,J. Reuben Clark Society,Graduate Student Organization - Dedman School of Law,,Lifetime membership
222,Japanese Cultural Club,Student Organization,,Lifetime membership
223,JCPenney Center for Retail Excellence,Department,,Lifetime membership
224,JD/MBA Society,Graduate Student Organization - Dedman School of Law,,Lifetime membership
225,Jewish Law Students Association,Graduate Student Organization - Dedman School of Law,,Lifetime membership
226,"Kappa Delta Chi Sorority, Inc.",Student Organization,,Lifetime membership
227,Kappa Kappa Gamma,Student Organization,,Lifetime membership
228,Kappa Sigma,Student Organization,,Lifetime membership
229,Kathy Crow Commons,Residence Life,,Lifetime membership
230,Korean Student Association at SMU,Student Organization,Contact: Mariam Tran,Lifetime membership
231,Kpop Club,Student Organization,Contact: Email group officers,Lifetime membership
232,La Boulangerie,Student Organization,Contact: Arian Shamaei,Lifetime membership
233,Labor and Employment Law Association,Graduate Student Organization - Dedman School of Law,Contact: Chase Tidmore,Lifetime membership
234,Language Partners,Student Organization,,Lifetime membership
235,Latino Business Club,Graduate Student Organization - Cox School of Business,,(12 Months)
236,Latinx Fashion Leadership Council,Student Organization,Contact: Alexandra Phillips-Parlatto,Lifetime membership
237,Law Students for Life,Graduate Student Organization - Dedman School of Law,,Lifetime membership
238,Leadership Programs,"Department - Professional, Special Interest, Service",Contact: Rylea Wertzberger,Lifetime membership
239,League of United Latin American Citizens,Student Organization,Contact: Danielle Palomo,Lifetime membership
240,LexisNexis,Graduate Student Organization - Dedman School of Law,,Lifetime membership
241,Liberty in North Korea at SMU,Student Organization,"Contact: Alexa Agamalian, Email group officers",Lifetime membership
242,Longhorn Bar Association,Graduate Student Organization - Dedman School of Law,,Lifetime membership
243,Loyd Commons,Residence Life,Contact: C.J. Schufford,Lifetime membership
244,Lyle Ambassadors,Student Organization,Contact: Mirana Emigh,Lifetime membership
245,Lyle Graduate School Council,Graduate Student Organization - Lyle School of Engineering,,Lifetime membership
246,Lyle School of Engineering,Department,,Lifetime membership
247,Maguire BBA Energy Club,Department - Cox School of Business,,Lifetime membership
248,Maguire Energy Kyle Miller Scholars,Department - Cox School of Business,,Lifetime membership
249,Maguire Energy Spindletop Fund,Department - Cox School of Business,,Lifetime membership
250,Maguire Ethics Center,Department,,Lifetime membership
251,"Mary Hay, Peyton, and Shuttles Commons",Residence Life,,Lifetime membership
252,MBA Direct,Department,,Lifetime membership
253,McElvaney Commons,Residence Life,,Lifetime membership
254,McElvaney Garden Club,Student Organization,,Lifetime membership
255,McNair Scholars Program,Department,,Lifetime membership
256,Meadows Museum,Department,Contact: Email group officers,Lifetime membership
257,Meadows School of the Arts,Department - Meadows School of the Arts,,Lifetime membership
258,Medieval Club,Student Organization,,Lifetime membership
259,MEDLIFE,Student Organization,Contact: Lauren O'Donnell-Griffin,Lifetime membership
260,Men for Equality,Student Organization,,Lifetime membership
261,Men's Club Rowing,Student Organization,,Lifetime membership
262,Men's Lacrosse Club,Student Organization,,Lifetime membership
263,Men's Soccer Club,Student Organization,Contact: Email group officers,Lifetime membership
264,Men's Volleyball (SMU),Student Organization,,Lifetime membership
265,Metaversity,Student Organization - Professional,,Lifetime membership
266,Minority Association of Pre-Health Students,Student Organization,"Contact: Saam Shahandeh, Email group officers",Lifetime membership
267,Mock Trial,Student Organization,,Lifetime membership
268,Moody School of Graduate and Advance Studies,Department,,Lifetime membership
269,Morrison-McGinnis Commons,Residence Life,,Lifetime membership
270,Mortar Board,Student Organization - Honor Society,,Lifetime membership
271,Mothers' and Dads' Clubs,Department,,Lifetime membership
272,MS Programs,Department,,Lifetime membership
273,Multicultural Greek Council,Student Organization,Contact: Email group officers,Lifetime membership
274,Muslim Law Students Associationâ”¬Ã¡,Graduate Student Organization - Dedman School of Law,,Lifetime membership
275,Muslim Student Association,Student Organization,,Lifetime membership
276,Mustang Ballroom Dance Club,Student Organization,"Contact: Anne Hulme, Morgan Le, Email group officers",Lifetime membership
277,Mustang Band,Department,,Lifetime membership
278,Mustang Chess Club,Student Organization,,Lifetime membership
279,Mustang EMS,Student Organization,"Contact: Victoria Cunningham, Email group officers",Lifetime membership
280,Mustang Heroes,Student Organization,,Lifetime membership
281,Mustang Martial Arts,Student Organization,Contact: Jonathan Thomas,Lifetime membership
282,Mustang Mavericks,Student Organization,"Contact: Connor Light, Ethan Yang, Email group officers",Lifetime membership
283,Mustang Powerlifting,Student Organization,Contact: Jonathan Mitchell,Lifetime membership
284,Mustang Rocketry,Student Organization - Lyle School of Engineering,Contact: David Berberian,Lifetime membership
285,Mustang Scholars Program,Department,,Lifetime membership
286,Mustang Transfers Organization,Student Organization,,Lifetime membership
287,Mustangs for Christ (Preston Road Church of Christ),Student Organization - Religious Life Organization,,Lifetime membership
288,Mustangs For Hope,Student Organization,,Lifetime membership
289,Mustangs for Israel,Student Organization,Contact: Hannah Siegel,Lifetime membership
290,Mustangs for Life,Student Organization,,Lifetime membership
291,NAACP Y&C,Student Organization,,Lifetime membership
292,National Pan-Hellenic Council,Student Organization,,Lifetime membership
293,National Society of Black Engineers,Student Organization,,Lifetime membership
294,National Student Fellowships at SMU,Department,,Lifetime membership
295,Net Impact,Graduate Student Organization - Cox School of Business,"Contact: Sarah Hickey, Email group officers",(12 Months)
296,Non-Traditional Law Students Association,Graduate Student Organization - Dedman School of Law,Contact: Brandi Moses,Lifetime membership
297,Office of Diversity and Inclusion,Department,,Lifetime membership
298,Office of Engaged Learning,Department,,Lifetime membership
299,Office of Fraternity and Sorority Life,Department,Contact: Ashley Fitzpatrick,Lifetime membership
300,Office of General Education,Department,Contact: Lisa Cordoba,Lifetime membership
301,Office of Information Technology,Department,,Lifetime membership
302,Office of Information Technology Test Group,Department - Special Interest,,Lifetime membership
303,Office of Pre-Health Advising,Department,,Lifetime membership
304,Office of Student Advocacy & Support,Department - Special Interest,Contact: Email group officers,Lifetime membership
305,Office of Student Conduct & Community Standards,Department,,Lifetime membership
306,Office of the Chaplain & Religious Life,Department,"Contact: Lisa Garvin, Jon-Michael Carman, Kaleb Loomis",Lifetime membership
307,Office of the Provost,Department,,Lifetime membership
308,"Omega Delta Phi Fraternity, Inc.",Student Organization,,Lifetime membership
309,Online MBA,Department,,Lifetime membership
310,Operations & Analytics Club,Graduate Student Organization - Cox School of Business,,(12 Months)
311,Orientation and Transition Programs,"Department - Special Interest, Programming",Contact: Email group officers,Lifetime membership
312,Orthodox Christian Fellowship,Student Organization - Religious Life Organization,"Contact: Caroline Lowe, John Lucas, Email group officers",Lifetime membership
313,Outdoor Adventures,Department,,Lifetime membership
314,Palestine Solidarity Committee,Student Organization,,Lifetime membership
315,Panhellenic Council,Student Organization,Contact: Email group officers,Lifetime membership
316,Paper for Water,Student Organization,Contact: Travis Nolan,Lifetime membership
317,Parent and Family Programs,Department,Contact: Email group officers,Lifetime membership
318,Perkins Student Association,Graduate Student Organization - Perkins School of Theology,"Contact: Michaela Calahan, Tracy Allred",Lifetime membership
319,Peruna Handlers,Department,,Lifetime membership
320,Phi Alpha Delta Legal Fraternity,Graduate Student Organization - Dedman School of Law,,Lifetime membership
321,Phi Alpha Delta Pre-Law,Student Organization,,Lifetime membership
322,Phi Chi Theta,Student Organization - Professional,Contact: Ari Dahiya,Lifetime membership
323,Phi Delta Phi Legal Honor Society,Graduate Student Organization - Dedman School of Law,,Lifetime membership
324,Phi Delta Theta,Student Organization,,Lifetime membership
325,Phi Gamma Delta,Student Organization,,Lifetime membership
326,Pi Beta Phi,Student Organization,,Lifetime membership
327,Polo Club,Student Organization,Contact: Email group officers,Lifetime membership
328,Pre-Health Readiness & Enrichment Program,"Department - Professional, Academic",Contact: Email group officers,Lifetime membership
329,Pre-Physician Assistant Club,Student Organization,"Contact: Anna Weith, Dana Qatawneh, Kaothar Olateju, Lindsay Middleton",Lifetime membership
330,President's Scholars Program,Department,,Lifetime membership
331,Pride Visibility Day,Student Organization,,Lifetime membership
332,Pride@Cox,Graduate Student Organization - Cox School of Business,,(12 Months)
333,Private Equity & Venture Capital Club,Student Organization,,Lifetime membership
334,Professional MBA,Department - Cox School of Business,"Contact: Sarah Francisco, Skylar Buffington",Lifetime membership
335,Program Council,"Student Organization - Social, Special Interest, Programming",Contact: Email group officers,Lifetime membership
336,Project Sunshine,Student Organization,,Lifetime membership
337,Psi Chi,Student Organization,,Lifetime membership
338,Real Estate Law Association,Graduate Student Organization - Dedman School of Law,,Lifetime membership
339,Red Raider Law Society,Graduate Student Organization - Dedman School of Law,,Lifetime membership
340,Redefining Mental Illness,Student Organization,,Lifetime membership
341,Reformed University Fellowship (RUF),Student Organization,,Lifetime membership
342,Residence Life and Student Housing,Department,,Lifetime membership
343,Rock Climbing Club,Student Organization,,Lifetime membership
344,Rotunda Yearbook,Department,,Lifetime membership
345,Saudi Arabian Students Association,Student Organization,,Lifetime membership
346,Science & Technology Law Review,Graduate Student Organization - Dedman School of Law,,Lifetime membership
347,SciFi Buddies,Student Organization,,Lifetime membership
348,Second Amendment Foundation,Graduate Student Organization - Dedman School of Law,,Lifetime membership
349,Senate Organizations Committee,Student Organization,Contact: Email group officers,Lifetime membership
350,Sigma Alpha Epsilon,Student Organization,,Lifetime membership
351,Sigma Chi,Student Organization,,Lifetime membership
352,"Sigma Lambda Beta Fraternity, Inc.",Student Organization,,Lifetime membership
353,"Sigma Lambda Gamma National Sorority, Inc.",Student Organization,,Lifetime membership
354,Sigma Nu Fraternity,Student Organization,Contact: Michael Castle,Lifetime membership
355,Simmons Graduate Council,Graduate Student Organization - Simmons School of Education and Human Development,,Lifetime membership
356,Sisters Supporting Sisters,Student Organization,"Contact: Jj Jones, Nyamkah Lewis",Lifetime membership
357,SMU Abroad,Department,,Lifetime membership
358,SMU Athletics,Department,Contact: Sterling Myhre,Lifetime membership
359,SMU Campus Recreation,Department,Contact: Email group officers,Lifetime membership
360,SMU Choirs,Department - Meadows School of the Arts,,Lifetime membership
361,SMU Daily Campus,Student Organization,,Lifetime membership
362,SMU Dedman OUTLaw,Graduate Student Organization - Dedman School of Law,Contact: Suzanne Goebel,Lifetime membership
363,SMU Global and Online,Department,,Lifetime membership
364,SMU Law Review Association,Graduate Student Organization - Dedman School of Law,,Lifetime membership
365,SMU Law Walking and Running Club,Graduate Student Organization - Dedman School of Law,,Lifetime membership
366,SMU Libraries,Department,,Lifetime membership
367,SMU National Association of Black Accountants,Student Organization,,Lifetime membership
368,SMU Police,Department,,Lifetime membership
369,SMU Police Community Advisory Board,Department - Special Interest,,Lifetime membership
370,SMU Rang Elite Non-Competing Dance Team,Student Organization - Special Interest,,Lifetime membership
371,SMU Service House,Residence Life,,Lifetime membership
372,SMU Women's Rowing,Student Organization,,Lifetime membership
373,SMU-in-Taos,Department,"Contact: Cristalle Choi, Lorene Sugars",Lifetime membership
374,SMÆ±RM-Economics,Department - Dedman College of Humanities and Sciences,Contact: Email group officers,Lifetime membership
375,Social Change and Intercultural Engagement,"Department - Programming, Service, Multicultural, Affinity/Identity",,Lifetime membership
376,Society for Russian Studies at Southern Methodist University,Student Organization,,Lifetime membership
377,Society of Automotive Engineers,Student Organization,,"$25 (New Member)
Membership will end on 31 May"
378,Society of Hispanic Professional Engineers,Student Organization,"Contact: Arath Dominguez, Email group officers",Lifetime membership
379,Society of Women Engineers,Student Organization,Contact: Aparna Sridhar,Lifetime membership
380,South Asian Law Students Association,Graduate Student Organization - Dedman School of Law,,Lifetime membership
381,South Asian Student Association,Student Organization,"Contact: Ashish Doma, Email group officers",Lifetime membership
382,Southern Gentlemen,Student Organization,,Lifetime membership
383,SPECTRUM at SMU,Student Organization,Contact: Lilly Chapman,Lifetime membership
384,Sport Clubs,Department,,Lifetime membership
385,Sports & Entertainment Law Association,Graduate Student Organization - Dedman School of Law,,Lifetime membership
386,State Bar of Texas Law Student Division,Graduate Student Organization - Dedman School of Law,,Lifetime membership
387,Statistics & Data Science Club,Student Organization - Professional,,Lifetime membership
388,Student Academic Engagement & Success,Department,"Contact: Dustin Grabsch, Email group officers",Lifetime membership
389,Rotunda Scholars Program,Department,"Contact: Nikole Melgarejo, Rachel Mannon, Tulsi Lohani, Briana Morales, Jacob Garza, Gracie Holder, Maria Rios, Keuna Webster, Email group officers",Lifetime membership
390,Student Animal Defense Fund,Graduate Student Organization - Dedman School of Law,,Lifetime membership
391,Student Association of Music Therapy,Student Organization,,Lifetime membership
392,Student Bar Association,Graduate Student Organization - Dedman School of Law,,Lifetime membership
393,Student Center & Activities,Department,"Contact: Sean Murphy, Email group officers",Lifetime membership
394,Student Filmmakers Association,Student Organization,"Contact: Grace Maddox, Kaytlyn Bunting",Lifetime membership
395,Student Foundation,Student Organization - Programming,Contact: Email group officers,Lifetime membership
396,Student Giving Committee,Department,,Lifetime membership
397,Student Managed University Radio Frequency,Student Organization,,Lifetime membership
398,Student Mobilization,Student Organization,,Lifetime membership
399,Student Organized Art Collective,Student Organization,,Lifetime membership
400,Student Representatives to the Board of Trustees,Department,,Lifetime membership
401,Student Senate,Student Organization - Governing Board,Contact: Email group officers,Lifetime membership
402,Students Expanding American Literacy,Student Organization,,Lifetime membership
403,Students for Medical Humanities,Student Organization,,Lifetime membership
404,Students for New Learning,Student Organization,Contact: Jen Blossom,Lifetime membership
405,Students' Association Comptroller,Department,Contact: Email group officers,Lifetime membership
406,Sustainability Committee,Department,,Lifetime membership
407,TAMID,Student Organization,Contact: Adam Hawn,Lifetime membership
408,Tau Beta Pi,Student Organization - Honor Society,,Lifetime membership
409,Tax Law Society,Graduate Student Organization - Dedman School of Law,,Lifetime membership
410,Texas Trial Lawyers Association,Graduate Student Organization - Dedman School of Law,,Lifetime membership
411,The Belle Tones,Student Organization,"Contact: Ally Rayer, Regina Romero-Garza",Lifetime membership
412,The Big Event,Student Organization,"Contact: Grant Offner, Julian DiBona, Email group officers",Lifetime membership
413,The Blockchain Club,Student Organization,"Contact: Ephraim Sun, Laurens Gijsbertsen",Lifetime membership
414,The Boulevard Bulletin,Student Organization,,Lifetime membership
415,The Budd Center,Department,Contact: Jessica Murillo,Lifetime membership
416,The Center for Faith and Learning,Department,,Lifetime membership
417,The Classical Studies Club,Student Organization,Contact: Email group officers,Lifetime membership
418,The College Democrats,Student Organization - Political,,Lifetime membership
419,The Hill,Student Organization - Religious Life Organization,,Lifetime membership
420,The National Society of Leadership and Success at SMU,Student Organization,,Lifetime membership
421,The Period Project,Student Organization,"Contact: Miftah Khan, Oluwaseun Taiwo, Alison Kellom, Josephine Ryan, Sahar Hasanali",Lifetime membership
422,The Philosophy Club,Student Organization,,Lifetime membership
423,The Public Relations Student Society of America,Student Organization,,Lifetime membership
424,The Spanish Club,Student Organization,Contact: Antonio Segura,Lifetime membership
425,The Sports Business Society,Student Organization,Contact: Madison Levy,Lifetime membership
426,The Third Amendment Society: Students Against Quartering Soldiers,Graduate Student Organization - Dedman School of Law,,Lifetime membership
427,Themis Bar Review,Graduate Student Organization - Dedman School of Law,,Lifetime membership
428,Theta Tau,Student Organization,Contact: Caroline Corbin,Lifetime membership
429,Thrive Scholars,Department,,Lifetime membership
430,Tower Center,Department,,Lifetime membership
431,Tower Scholars Program,Department,,Lifetime membership
432,Triathlon at SMU,Student Organization,Contact: Jadon Swearingen,Lifetime membership
433,Turning Point USA,"Student Organization - Professional, Political",,Lifetime membership
434,UKirk,Student Organization - Religious Life Organization,,Lifetime membership
435,Ultimate Frisbee Club,Student Organization,,Lifetime membership
436,Undergraduate Real Estate Club,Student Organization - Cox School of Business,"Contact: Olivia Morales, Tosha Riddle-May",Lifetime membership
437,United States Military Veterans of SMU,Student Organization,,Lifetime membership
438,Unity Coalition,Student Organization,,Lifetime membership
439,University Advising,Department,,Lifetime membership
440,University Conduct Board,Department,Contact: Email group officers,Lifetime membership
441,University Honors Program,Department,,Lifetime membership
442,Upper Division Housing,Residence Life,,Lifetime membership
443,Veterans in Business,Graduate Student Organization - Cox School of Business,,(12 Months)
444,Veterans Law Association,Graduate Student Organization - Dedman School of Law,,Lifetime membership
445,Vietnamese Student Association,Student Organization,Contact: Jackie Nguyen,Lifetime membership
446,Virginia-Snider Commons,Residence Life,,Lifetime membership
447,Ware Commons,Residence Life,,Lifetime membership
448,Water Ski Team at SMU,Student Organization,"Contact: Connor Ferguson, Grace Higgins, Markus Mortenson, Email group officers",Lifetime membership
449,Watermark College,Student Organization,"Contact: Donovan McManus, Email group officers",Lifetime membership
450,Wellbeing Education Student Team,"Department - Special Interest, Service",,Lifetime membership
451,Wellness Committee,Graduate Student Organization - Dedman School of Law,,Lifetime membership
452,Wesley House,Student Organization - Religious Life Organization,"Contact: Haley Sloan, Email group officers",Lifetime membership
453,Women and LGBT Center,Department,"Contact: Nathan Faust, Email group officers",Lifetime membership
454,Women in Law,Graduate Student Organization - Dedman School of Law,,Lifetime membership
455,Women in Science & Engineering,Student Organization,"Contact: Andrea Reyes, Catherine Scott, Ava Adamson",Lifetime membership
456,Women's Club Basketball,Student Organization - Special Interest,,Lifetime membership
457,Women's Club Soccer,Student Organization,"Contact: Melanie Gresser, Marlo Von der Ahe",Lifetime membership
458,Women's Club Volleyball,Student Organization,"Contact: Hayley Payne, Julia Young",Lifetime membership
459,Women's Lacrosse,Student Organization,,Lifetime membership
460,World Languages & Literatures,Department,,Lifetime membership
461,Wrestling Club,Student Organization,,Lifetime membership
462,Young Americans for Freedom at SMU,Student Organization,,Lifetime membership
463,Young Americans for Liberty,Student Organization - Political,Contact: Michael Harreld,Lifetime membership
464,Young Conservatives of Texas,Student Organization - Political,"Contact: Brett Osborn, Email group officers",Lifetime membership
465,Young Life,Student Organization,,Lifetime membership
